"DESCRIPTION","DURATION IN MS","NAME","PARENT SUITE","START TIME","STATUS","STOP TIME","SUB SUITE","SUITE","TEST CLASS","TEST METHOD"
"","454","BOOK-006 · missing firstname → non-201","api","2026-09-29","passed","2026-09-29","POST /api/booking — Create booking","api/bookings.spec.ts","",""
"","543","BOOK-007 · missing roomid → non-201","api","2026-09-29","passed","2026-09-29","POST /api/booking — Create booking","api/bookings.spec.ts","",""
"","187","ROOM-007 · non-existent room ID → non-200 or timeout","api","2026-09-29","passed","2026-09-29","GET /api/room/:id — Get room by ID","api/rooms.spec.ts","",""
"","319","wrong password → 401 (or connection rejected)","api","2026-09-29","passed","2026-09-29","POST /api/auth/login — Authentication","api/auth.spec.ts","",""
"","270","each room has required schema fields","api","2026-09-29","passed","2026-09-29","GET /api/room — List rooms (public)","api/rooms.spec.ts","",""
"","461","BOOK-010 · get non-existent booking ID → 404","api","2026-09-29","passed","2026-09-29","GET /api/booking — List bookings (auth required)","api/bookings.spec.ts","",""
"","849","valid booking data → 201 and booking returned","api","2026-09-29","passed","2026-09-29","POST /api/booking — Create booking","api/bookings.spec.ts","",""
"","378","with valid token → 200 and bookings array","api","2026-09-29","passed","2026-09-29","GET /api/booking — List bookings (auth required)","api/bookings.spec.ts","",""
"","547","without auth token → 401","api","2026-09-29","passed","2026-09-29","POST /api/room — Create room","api/rooms.spec.ts","",""
"","262","empty body → error (non-200)","api","2026-09-29","passed","2026-09-29","POST /api/auth/login — Authentication","api/auth.spec.ts","",""
"","1036","delete a just-created room → 202","api","2026-09-29","passed","2026-09-29","DELETE /api/room/:id — Delete room","api/rooms.spec.ts","",""
"","1391","submit without email → email validation error","chromium","2026-09-29","passed","2026-09-29","Contact form — UI tests","ui/contact.spec.ts","",""
"","528","ROOM-006 · existing room ID → 200 and room data","api","2026-09-29","passed","2026-09-29","GET /api/room/:id — Get room by ID","api/rooms.spec.ts","",""
"","2195","UI-BOOKING-003 · booking on already-occupied dates → error message visible","chromium","2026-09-29","passed","2026-09-29","Booking widget — UI tests","ui/booking.spec.ts","",""
"","1191","ROOM-010 · delete without auth token → 403","api","2026-09-29","passed","2026-09-29","DELETE /api/room/:id — Delete room","api/rooms.spec.ts","",""
"","2820","CROSS-003 · room created via API appears in admin UI","chromium","2026-09-29","passed","2026-09-29","Cross-validation — UI vs API consistency","ui/cross-validation.spec.ts","",""
"","719","delete a just-created booking → 202","api","2026-09-29","passed","2026-09-29","DELETE /api/booking/:id","api/bookings.spec.ts","",""
"","538","without token → 401","api","2026-09-29","passed","2026-09-29","GET /api/booking — List bookings (auth required)","api/bookings.spec.ts","",""
"","1103","ROOM-011 · update room with valid token → 202","api","2026-09-29","passed","2026-09-29","PUT /api/room/:id — Update room","api/rooms.spec.ts","",""
"","2608","CROSS-001 · booking created via UI flow appears in API","chromium","2026-09-29","passed","2026-09-29","Cross-validation — UI vs API consistency","ui/cross-validation.spec.ts","",""
"","456","ROOM-008 · negative price → non-200","api","2026-09-29","passed","2026-09-29","POST /api/room — Create room","api/rooms.spec.ts","",""
"","996","BOOK-011 · delete without auth token → 403","api","2026-09-29","passed","2026-09-29","DELETE /api/booking/:id","api/bookings.spec.ts","",""
"","1096","BOOK-009 · get booking by ID with valid token → 200","api","2026-09-29","passed","2026-09-29","GET /api/booking — List bookings (auth required)","api/bookings.spec.ts","",""
"","2786","UI-BOOKING-001 · complete booking flow → ""Booking Confirmed"" visible","chromium","2026-09-29","passed","2026-09-29","Booking widget — UI tests","ui/booking.spec.ts","",""
"","367","invalid dates (checkout before checkin) → 409","api","2026-09-29","passed","2026-09-29","POST /api/booking — Create booking","api/bookings.spec.ts","",""
"","1776","submit empty form → multiple validation errors","chromium","2026-09-29","passed","2026-09-29","Contact form — UI tests","ui/contact.spec.ts","",""
"","470","BOOK-008 · checkin equals checkout → non-201","api","2026-09-29","passed","2026-09-29","POST /api/booking — Create booking","api/bookings.spec.ts","",""
"","933","with valid token → 200 and success response","api","2026-09-29","passed","2026-09-29","POST /api/room — Create room","api/rooms.spec.ts","",""
"","1278","ROOM-012 · update room without auth token → 403","api","2026-09-29","passed","2026-09-29","PUT /api/room/:id — Update room","api/rooms.spec.ts","",""
"","1553","ROOM-009 · duplicate room name → documents real behavior","api","2026-09-29","passed","2026-09-29","POST /api/room — Create room","api/rooms.spec.ts","",""
"","2044","CROSS-002 · booking deleted via API disappears from admin UI","chromium","2026-09-29","passed","2026-09-29","Cross-validation — UI vs API consistency","ui/cross-validation.spec.ts","",""
"","2668","UI-BOOKING-002 · booking confirmation for a second guest","chromium","2026-09-29","passed","2026-09-29","Booking widget — UI tests","ui/booking.spec.ts","",""
"","1353","submit with all valid data → success heading displayed","chromium","2026-09-29","passed","2026-09-29","Contact form — UI tests","ui/contact.spec.ts","",""
"","178","returns 200 with a rooms array","api","2026-09-29","passed","2026-09-29","GET /api/room — List rooms (public)","api/rooms.spec.ts","",""
"","903","BOOK-013 · update booking without auth token → 403","api","2026-09-29","passed","2026-09-29","POST /api/booking — Create booking","api/bookings.spec.ts","",""
"","999","BOOK-012 · update booking with valid token → 200","api","2026-09-29","passed","2026-09-29","POST /api/booking — Create booking","api/bookings.spec.ts","",""
"","2130","CROSS-004 · room price from API matches price shown in UI","chromium","2026-09-29","passed","2026-09-29","Cross-validation — UI vs API consistency","ui/cross-validation.spec.ts","",""
"","1472","submit with invalid phone (too short) → phone validation error","chromium","2026-09-29","passed","2026-09-29","Contact form — UI tests","ui/contact.spec.ts","",""
"","534","valid credentials → 200 and token returned","api","2026-09-29","passed","2026-09-29","POST /api/auth/login — Authentication","api/auth.spec.ts","",""
